{"result":"SUCCESS","interfaceVersion":"1.0.3","requested":"10/17/2013 15:31:20","lastUpdated":"10/16/2013 10:52:39","tasks":[{"id":104,"complete":false,"priority":"high","dueDate":"11/29/2013","member":"Scott","title":"Do something","created":"9/22/2013"},{"id":105,"complete":false,"priority":"medium","dueDate":"11/22/2013","member":"Lena","title":"Do something else","created":"9/22/2013"},{"id":107,"complete":true,"priority":"high","dueDate":"11/22/2013","member":"Mike","title":"Fix the foo","created":"9/22/2013"},{"id":108,"complete":false,"priority":"low","dueDate":"11/15/2013","member":"Punam","title":"Adjust the bar","created":"9/25/2013"},{"id":110,"complete":false,"priority":"medium","dueDate":"11/15/2013","member":"Scott","title":"Rename everything","created":"10/2/2013"},{"id":112,"complete":true,"priority":"high","dueDate":"11/27/2013","member":"Lena","title":"Alter all quuxes","created":"10/5/2013"}]}